<?xml version="1.0" encoding="UTF-8" ?>
<!DOCTYPE mapper PUBLIC "-//mybatis.org//DTD Mapper 3.0//EN"
  "http://mybatis.org/dtd/mybatis-3-mapper.dtd">

<mapper namespace="purchases">

	<select id="getPurchasesList" resultType="purchases">
	<![CDATA[SELECT * FROM PURCHASES]]>
	</select>

	<select id="getPurchaseDetailList" resultType="purchaseDetail">
	<![CDATA[SELECT * FROM purchase_detail_vo ]]>
	<where>
		AND purchase_code = NVL(#{purchaseCode}, purchase_code)
	</where>
	</select>


	<select id="getPurchases" resultType="purchases" parameterType="purchases">
	<![CDATA[SELECT * FROM PURCHASES WHERE SEQ=#{seq}]]></select>

	

</mapper>
